{
  "bot-name": "PRINCE-MDXI",
  "description": "ᴊᴀᴠᴀsᴄʀɪᴘᴛ ᴡʜᴀᴛsᴀᴘᴘ ʙᴏᴛ ᴄʀᴇᴀᴛᴇᴅ ʙʏ ᴘʀɪɴᴄᴇ ᴛᴇᴄʜ",
  "logo": "https://raw.githubusercontent.com/Mayelprince/url/main/url/1264.jpg",
  "keywords": ["bot"],
  "documentation-link": "https://prince-mdx-session.onrender.com",
  "owner-verification": "princemayel99@gmail.com",
  
  "env": {
    "SESSION_ID": {
      "description": "Put your SESSION_ID here. Make sure it starts with prince-md-",
      "value": "",
      "required": true
    },
    "PREFIX": {
      "description": "Bot command prefix, (e.g, . , ! @ etc)",
      "value": ".",
      "required": true
    },
    "MODE": {
      "description": "Bot mode can be public, private, inbox, or groups (in lowercase) (e.g., public)",
      "value": "private",
      "required": true
    }
  }
}
