
{

"hi":"*ʜɪɪ ᴍʏ ғʀɪᴇɴᴅ! ʜᴏᴡ ᴄᴀɴ ɪ ʜᴇʟᴘ ʏᴏᴜ?* 👑❤️",
"hello":"*ʜᴇʟʟᴏ! ʜᴏᴘᴇ ʏᴏᴜ'ʀᴇ ʜᴀᴠɪɴɢ ᴀ ɢʀᴇᴀᴛ ᴅᴀʏ* 🌟😊",
"yoo":"*ʏᴏᴏ! ᴡʜᴀᴛ'ꜱ ᴜᴘ?* 😎🔥",
"what's up":"*ɴᴏᴛ ᴍᴜᴄʜ! ᴡʜᴀᴛ ᴀʙᴏᴜᴛ ʏᴏᴜ?* 🤔✨",
"good morning":"*ɢᴏᴏᴅ ᴍᴏʀɴɪɴɢ! ᴡɪꜱʜɪɴɢ ʏᴏᴜ ᴀ ᴘʀᴏᴅᴜᴄᴛɪᴠᴇ ᴅᴀʏ!* ☀️💼",
"morning":"*ᴍᴏʀɴɪɴɢ! ʜᴏᴘᴇ ʏᴏᴜ ʜᴀᴠᴇ ᴀ ɢʀᴇᴀᴛ ᴅᴀʏ!* ☀️✨",
"good afternoon":"*ɢᴏᴏᴅ ᴀꜰᴛᴇʀɴᴏᴏɴ! ᴋᴇᴇᴘ ɢᴏɪɴɢ ꜱᴛʀᴏɴɢ!* 🌞💪",
"afternoon":"*ʜᴏᴘᴇ ʏᴏᴜʀ ᴀꜰᴛᴇʀɴᴏᴏɴ ɪꜱ ɢʀᴇᴀᴛ!* 🌼💛",
"good evening":"*ɢᴏᴏᴅ ᴇᴠᴇɴɪɴɢ! ʀᴇʟᴀx ᴀɴᴅ ᴇɴᴊᴏʏ ʏᴏᴜʀ ᴇᴠᴇɴɪɴɢ!* 🌙✨",
"evening":"*ʜᴏᴘᴇ ʏᴏᴜʀ ᴇᴠᴇɴɪɴɢ ɪꜱ ᴀᴍᴀᴢɪɴɢ!* 🌆💫",
"good night":"*ɢᴏᴏᴅ ɴɪɢʜᴛ! ꜱᴡᴇᴇᴛ ᴅʀᴇᴀᴍꜱ!* 🌙💤",
"night":"*ɴɪɢʜᴛ! ꜱᴛᴀʏ ꜱᴀꜰᴇ ᴀɴᴅ ᴡᴇʟʟ!* 🌌✨",
"thanks":"*ʏᴏᴜ'ʀᴇ ᴡᴇʟᴄᴏᴍᴇ!* 🙏❤️",
"thank you":"*ᴀʟᴡᴀʏꜱ ʜᴇʀᴇ ᴛᴏ ʜᴇʟᴘ!* 🤝✨",
"ok":"*ᴄᴏᴏʟ!* 😊♥️",
"okay":"*ɢᴏᴛ ɪᴛ!* 👍💯",
"no problem":"*ɴᴏ ᴡᴏʀʀɪᴇꜱ!* 😄👌",
"bye":"*ɢᴏᴏᴅʙʏᴇ! ꜱᴇᴇ ʏᴏᴜ ᴀɢᴀɪɴ ꜱᴏᴏɴ!* 👋❤️",
"see you":"*ꜱᴇᴇ ʏᴏᴜ ᴀʀᴏᴜɴᴅ!* ✨👋",
"welcome":"*ᴡᴇʟᴄᴏᴍᴇ! ʜᴀᴘᴘʏ ᴛᴏ ʜᴀᴠᴇ ʏᴏᴜ ʜᴇʀᴇ!* 🎉💬",
"nice":"*ᴛʜᴀᴛ'ꜱ ɴɪᴄᴇ!* 😍✨",
"cool":"*ꜱᴏ ᴄᴏᴏʟ!* 😎🔥",
"love":"*ʟᴏᴠᴇ ɪꜱ ʙᴇᴀᴜᴛɪꜰᴜʟ!* 💖✨",
"yes":"*ʏᴇꜱ, ᴏꜰ ᴄᴏᴜʀꜱᴇ!* ✅😄",
"no":"*ɴᴏ, ꜱᴏʀʀʏ!* ❌😅",
"wait":"*ᴘʟᴇᴀꜱᴇ ᴡᴀɪᴛ ᴀ ᴍᴏᴍᴇɴᴛ...* ⏳✨",
"loading":"*ʟᴏᴀᴅɪɴɢ, ᴘʟᴇᴀꜱᴇ ʙᴇ ᴘᴀᴛɪᴇɴᴛ...* 🔄⚙️",
"done":"*ᴀʟʟ ᴅᴏɴᴇ!* ✅🎉",
"help":"*ɴᴇᴇᴅ ᴀꜱꜱɪꜱᴛᴀɴᴄᴇ? ɪ'ᴍ ʜᴇʀᴇ ᴛᴏ ʜᴇʟᴘ!* 🤖❤️",
"menu":"*ʜᴇʀᴇ'ꜱ ᴛʜᴇ ᴍᴇɴᴜ, ᴄʜᴏᴏꜱᴇ ᴀɴ ᴏᴘᴛɪᴏɴ!* 📜✨",
"owner":"*ʏᴇᴀʜ, ɪ'ᴍ ᴄᴏɴᴛʀᴏʟʟᴇᴅ ʙʏ ᴘʀɪɴᴄᴇ ᴍᴀʏᴇʟ* 👑🔥",
"support":"*ɴᴇᴇᴅ ʜᴇʟᴘ? ᴊᴜꜱᴛ ᴀꜱᴋ!* 🤝💬",
"error":"*ᴏᴏᴘꜱ! ꜱᴏᴍᴇᴛʜɪɴɢ ᴡᴇɴᴛ ᴡʀᴏɴɢ. ᴛʀʏ ᴀɢᴀɪɴ!* ⚠️😢",
"botname":"*ʏᴇᴀʜ, ɪ'ᴍ ᴘʀɪɴᴄᴇ ᴍᴅx!* ☺️👑",
"good job":"*ɢʀᴇᴀᴛ ᴊᴏʙ! ᴋᴇᴇᴘ ɪᴛ ᴜᴘ!* 👏🔥"
  
}
